week_start,ticker,entry_date,exit_date,entry_price,exit_price,stop_price,target_price,shares,risk_per_share,pnl_dollars,r_multiple,exit_reason,ret_1w,ret_3w,rsi_14,atr_14,signal_score,variation
2021-02-08,EL,2021-02-08,2021-02-12,280.5302,289.9597,267.6463,306.2981,2,12.8839,18.86,0.7319,time,0.1528,0.091153,64.5921,8.5893,0.974384,A
2021-02-08,MGM,2021-02-08,2021-02-12,34.9649,35.8941,33.0256,38.8435,18,1.9393,16.72,0.4791,time,0.19923,0.13111,67.3964,1.2929,0.969951,A
2021-02-08,TPR,2021-02-08,2021-02-12,37.6376,38.2717,35.4122,42.0883,15,2.2254,9.51,0.2849,time,0.187539,0.102466,64.6314,1.4836,0.964039,A
2021-02-08,WYNN,2021-02-08,2021-02-12,114.9648,117.7321,107.8345,129.2256,4,7.1304,11.07,0.3881,time,0.175424,0.073303,65.1294,4.7536,0.957635,A
2021-02-08,ALGN,2021-02-08,2021-02-12,622.8122,608.9704,582.5758,703.2851,1,40.2364,-13.84,-0.344,time,0.180955,0.118654,61.1488,26.8243,0.947783,A
2021-02-22,LH,2021-02-22,2021-02-26,209.6338,205.9021,200.488,227.9254,3,9.1458,-11.2,-0.408,time,0.038658,0.120979,69.8839,6.0972,0.956198,A
2021-02-22,MOS,2021-02-22,2021-02-26,29.1491,29.3706,26.9495,33.5484,15,2.1996,3.32,0.1007,time,0.044165,0.068725,63.0873,1.4664,0.950413,A
2021-02-22,NTAP,2021-02-22,2021-02-23,70.6306,67.9857,68.0538,75.7841,13,2.5768,-34.38,-1.0264,stop,0.031666,0.058605,68.2528,1.7179,0.919835,A
2021-02-22,CCI,2021-02-22,2021-02-25,165.175,159.9899,160.15,175.225,6,5.025,-31.11,-1.0319,stop,0.023457,0.048504,63.1115,3.35,0.897521,A
2021-02-22,PH,2021-02-22,2021-02-26,280.0097,286.673,267.9069,304.2155,2,12.1029,13.33,0.5506,time,0.024577,0.053438,65.5941,8.0686,0.895868,A
2021-03-01,SLB,2021-03-01,2021-03-05,28.7888,29.0409,26.9095,32.5473,18,1.8793,4.54,0.1342,time,0.06853,0.12495,66.147,1.2529,0.962112,A
2021-03-01,EOG,2021-03-01,2021-03-05,65.5255,74.5054,60.5144,75.5476,6,5.0111,53.88,1.792,time,0.032795,0.123369,62.0345,3.3407,0.946584,A
2021-03-01,BKR,2021-03-01,2021-03-04,24.7747,23.4077,23.4312,27.4619,26,1.3436,-35.54,-1.0174,stop,0.046154,0.094812,68.0723,0.8957,0.944099,A
2021-03-01,MGM,2021-03-01,2021-03-04,38.6386,36.1531,36.1893,43.5372,14,2.4493,-34.8,-1.0148,stop,0.037617,0.163485,63.0147,1.6329,0.904969,A
2021-03-01,HAL,2021-03-01,2021-03-05,22.3523,23.8162,20.5963,25.8645,19,1.7561,27.81,0.8336,time,0.080693,0.142334,67.1068,1.1707,0.877019,A
2021-03-08,STLD,2021-03-08,2021-03-12,45.8058,49.1408,43.0083,51.4008,12,2.7975,40.02,1.1922,time,0.099567,0.178958,68.4575,1.865,0.978659,A
2021-03-08,EOG,2021-03-08,2021-03-12,75.5755,74.925,69.913,86.9005,6,5.6625,-3.9,-0.1149,time,0.155205,0.250503,68.7604,3.775,0.959146,A
2021-03-08,TRGP,2021-03-08,2021-03-12,34.7247,34.7352,32.3525,39.469,14,2.3721,0.15,0.0044,time,0.117038,0.135766,68.993,1.5814,0.918902,A
2021-03-08,KMI,2021-03-08,2021-03-12,16.016,16.3337,15.3346,17.3789,51,0.6814,16.2,0.4662,time,0.079592,0.080327,63.6605,0.4543,0.89939,A
2021-03-08,C,2021-03-08,2021-03-12,71.1411,75.1048,67.735,77.9532,10,3.4061,39.64,1.1637,time,0.066029,0.111234,68.8356,2.2707,0.889024,A
2021-03-15,GM,2021-03-15,2021-03-19,59.3693,59.7602,55.675,66.7579,9,3.6943,3.52,0.1058,time,0.102512,0.127259,68.3468,2.4629,0.973481,A
2021-03-15,UAL,2021-03-15,2021-03-19,58.3082,60.7092,53.2833,68.3582,6,5.025,14.41,0.4778,time,0.114212,0.171976,64.6379,3.35,0.967956,A
2021-03-15,F,2021-03-15,2021-03-16,13.4034,12.5337,12.5462,15.1177,40,0.8571,-34.79,-1.0146,stop,0.08965,0.154577,68.2713,0.5714,0.965193,A
2021-03-15,LUV,2021-03-15,2021-03-19,62.112,60.9889,58.3803,69.5756,9,3.7318,-10.11,-0.301,time,0.072207,0.155652,68.5273,2.4879,0.922652,A
2021-03-15,JBL,2021-03-15,2021-03-19,48.4584,50.9989,45.9727,53.4298,14,2.4857,35.57,1.0221,time,0.116467,0.086644,63.6536,1.6571,0.919337,A
2021-03-22,NXPI,2021-03-22,2021-03-25,203.3131,186.9699,187.157,235.6253,2,16.1561,-32.69,-1.0116,stop,0.101215,0.106765,56.6444,10.7707,0.980226,A
2021-03-22,FDX,2021-03-22,2021-03-23,279.8596,265.9776,266.2439,307.091,2,13.6157,-27.76,-1.0196,stop,0.034715,0.098546,61.4418,9.0771,0.951412,A
2021-03-22,GPC,2021-03-22,2021-03-26,116.9568,118.4315,111.6768,127.5168,6,5.28,8.85,0.2793,time,0.023737,0.113526,66.4353,3.52,0.934463,A
2021-03-22,BEN,2021-03-22,2021-03-25,29.8999,28.2366,28.2649,33.1699,21,1.635,-34.93,-1.0173,stop,0.036074,0.141383,65.614,1.09,0.918644,A
2021-03-22,META,2021-03-22,2021-03-26,290.7405,282.737,276.0244,320.1726,2,14.7161,-16.01,-0.5439,time,0.080887,0.126116,64.7265,9.8107,0.910734,A
2021-03-29,PHM,2021-03-29,2021-04-01,53.1731,53.4265,50.1163,59.2867,11,3.0568,2.79,0.0829,time,0.074097,0.150415,66.7309,2.0379,0.964706,A
2021-03-29,DHI,2021-03-29,2021-04-01,89.9499,90.959,84.8134,100.2227,6,5.1364,6.05,0.1965,time,0.074375,0.137198,66.8228,3.4243,0.956656,A
2021-03-29,EQT,2021-03-29,2021-03-31,19.5695,17.9755,17.9935,22.7217,22,1.5761,-35.07,-1.0114,stop,0.067136,0.096218,64.0964,1.0507,0.952322,A
2021-03-29,ROK,2021-03-29,2021-04-01,273.273,263.6298,263.8937,292.0316,3,9.3793,-28.93,-1.0281,stop,0.05904,0.080841,68.7381,6.2529,0.920124,A
2021-03-29,KLAC,2021-03-29,2021-04-01,318.0477,346.9427,295.0013,364.1406,1,23.0464,28.89,1.2538,time,0.092393,0.081353,68.9232,15.3643,0.915789,A
2021-04-05,TRMB,2021-04-05,2021-04-09,83.093,80.3196,79.5573,90.1644,9,3.5357,-24.96,-0.7844,time,0.11689,0.0877,67.6063,2.3571,0.98377,A
2021-04-05,SWKS,2021-04-05,2021-04-09,191.6014,188.5413,181.5707,211.6629,3,10.0307,-9.18,-0.3051,time,0.090455,0.080288,63.6849,6.6871,0.962304,A
2021-04-05,ON,2021-04-05,2021-04-09,43.3733,42.917,40.4162,49.2876,11,2.9571,-5.02,-0.1543,time,0.123069,0.105412,62.0482,1.9714,0.932461,A
2021-04-05,MPWR,2021-04-05,2021-04-09,374.2439,376.4931,350.5492,421.6332,1,23.6946,2.25,0.0949,time,0.10839,0.088626,64.6361,15.7964,0.931937,A
2021-04-05,TER,2021-04-05,2021-04-09,130.6906,132.9269,122.4266,147.2184,4,8.2639,8.95,0.2706,time,0.152765,0.131302,66.7225,5.5093,0.925654,A
2021-04-12,DASH,2021-04-12,2021-04-16,138.138,149.3405,126.228,161.958,2,11.91,22.41,0.9406,time,0.05528,0.075639,55.8957,7.94,0.953605,A
2021-04-12,ZBH,2021-04-12,2021-04-16,163.9405,166.7069,159.3032,173.2151,7,4.6373,19.36,0.5966,time,0.05925,0.06665,69.6625,3.0915,0.949843,A
2021-04-12,TECH,2021-04-12,2021-04-16,101.8643,104.5329,96.9113,111.7702,7,4.9529,18.68,0.5388,time,0.052046,0.092863,64.9518,3.302,0.921003,A
2021-04-12,CRWD,2021-04-12,2021-04-16,201.7315,214.9848,187.3046,230.5853,2,14.4269,26.51,0.9186,time,0.083676,0.065559,57.3089,9.6179,0.915361,A
2021-04-12,INTC,2021-04-12,2021-04-13,68.2682,65.1815,65.2468,74.3111,11,3.0214,-33.95,-1.0216,stop,0.057475,0.071081,64.1688,2.0143,0.896552,A
2021-04-19,PPG,2021-04-19,2021-04-23,167.7075,174.4753,161.4922,180.1382,5,6.2154,33.84,1.0889,time,0.112581,0.098924,67.8076,4.1436,0.973856,A
2021-04-19,BG,2021-04-19,2021-04-20,83.4333,80.5509,80.6316,89.0369,12,2.8018,-34.59,-1.0288,stop,0.052486,0.084566,63.1356,1.8679,0.935294,A
2021-04-19,NTAP,2021-04-19,2021-04-21,77.4874,74.6955,74.7703,82.9217,12,2.7171,-33.5,-1.0275,stop,0.051841,0.105877,65.0101,1.8114,0.926144,A
2021-04-19,SHW,2021-04-19,2021-04-23,266.0458,273.6461,258.2754,281.5865,4,7.7704,30.4,0.9781,time,0.045556,0.083265,64.6394,5.1802,0.922876,A
2021-04-19,REGN,2021-04-19,2021-04-23,503.513,486.1,486.5866,537.3659,2,16.9264,-34.83,-1.0287,stop,0.057727,0.084405,66.6537,11.2843,0.921569,A
2021-04-26,ALB,2021-04-26,2021-04-30,162.9128,168.0018,153.7885,181.1613,3,9.1243,15.27,0.5578,time,0.060514,0.06959,60.548,6.0829,0.967584,A
2021-04-26,WAB,2021-04-26,2021-04-29,85.2752,82.3813,82.4638,90.8981,12,2.8114,-34.73,-1.0293,stop,0.059546,0.081276,63.7547,1.8743,0.93578,A
2021-04-26,DHI,2021-04-26,2021-04-30,98.6085,98.1917,94.6528,106.5199,8,3.9557,-3.33,-0.1054,time,0.019093,0.078638,63.6053,2.6371,0.919266,A
2021-04-26,TT,2021-04-26,2021-04-27,176.2761,171.7852,171.9572,184.914,8,4.3189,-35.93,-1.0398,stop,0.019598,0.05978,68.6025,2.8793,0.886239,A
2021-04-26,HPE,2021-04-26,2021-04-30,16.4064,15.9376,15.9536,17.312,77,0.4528,-36.09,-1.0352,stop,0.029467,0.04586,66.0377,0.3019,0.882569,A
2021-05-03,WTW,2021-05-03,2021-05-07,259.5693,269.7999,251.0225,276.6629,4,8.5468,40.92,1.197,time,0.111512,0.078673,65.6578,5.6979,0.980952,A
2021-05-03,AON,2021-05-03,2021-05-07,251.7215,258.2615,244.5183,266.1279,4,7.2032,26.16,0.9079,time,0.089003,0.060928,65.5487,4.8021,0.970868,A
2021-05-03,APA,2021-05-03,2021-05-07,20.3103,21.5684,18.9935,22.9439,26,1.3168,32.71,0.9554,time,0.10011,0.158749,69.8413,0.8779,0.936134,A
2021-05-03,TAP,2021-05-03,2021-05-06,55.2952,59.7205,53.0527,59.7802,15,2.2425,66.38,1.9733,target,0.051272,0.099,65.7914,1.495,0.933333,A
2021-05-03,CINF,2021-05-03,2021-05-07,114.7546,120.2296,111.4964,121.2711,10,3.2582,54.75,1.6804,time,0.030358,0.072224,69.2498,2.1721,0.932773,A
2021-05-10,CNC,2021-05-10,2021-05-14,70.1801,69.1308,66.9744,76.5915,10,3.2057,-10.49,-0.3273,time,0.141075,0.084514,62.6813,2.1371,0.984918,A
2021-05-10,EXE,2021-05-10,2021-05-14,49.6796,48.8211,47.2755,54.488,14,2.4042,-12.02,-0.3571,time,0.078999,0.077108,67.9372,1.6028,0.968525,A
2021-05-10,HAL,2021-05-10,2021-05-14,23.1431,23.0369,21.7695,25.8903,25,1.3736,-2.65,-0.0773,time,0.173313,0.109232,65.0794,0.9157,0.963279,A
2021-05-10,COP,2021-05-10,2021-05-11,58.2682,55.4345,55.49,63.8246,12,2.7782,-34.0,-1.02,stop,0.116543,0.117636,69.2022,1.8521,0.943607,A
2021-05-10,OXY,2021-05-10,2021-05-11,27.7377,25.8722,25.8981,31.417,19,1.8396,-35.45,-1.0141,stop,0.080047,0.123462,65.7111,1.2264,0.935082,A
2021-05-17,STX,2021-05-17,2021-05-19,97.3573,91.5956,91.6873,108.6973,6,5.67,-34.57,-1.0162,stop,0.070009,0.098934,56.5643,3.78,0.989851,A
2021-05-17,SCHW,2021-05-17,2021-05-19,73.073,70.0061,70.0762,79.0666,11,2.9968,-33.74,-1.0234,stop,0.020906,0.091004,68.1939,1.9979,0.951045,A
2021-05-17,NEM,2021-05-17,2021-05-21,71.3212,73.4565,68.5291,76.9055,12,2.7921,25.62,0.7647,time,0.050795,0.076537,69.356,1.8614,0.944478,A
2021-05-17,LYV,2021-05-17,2021-05-21,85.3052,89.1707,80.5234,94.8688,7,4.7818,27.06,0.8084,time,0.073037,0.049156,55.3571,3.1879,0.93194,A
2021-05-17,TMUS,2021-05-17,2021-05-18,140.2901,135.1502,135.2855,150.2994,6,5.0046,-30.84,-1.027,stop,0.017251,0.061506,64.5016,3.3364,0.918806,A
2021-05-24,TGT,2021-05-24,2021-05-28,226.5663,226.6931,218.8992,241.9006,4,7.6671,0.51,0.0165,time,0.065969,0.086027,64.7637,5.1114,0.963959,A
2021-05-24,HRL,2021-05-24,2021-05-28,49.4594,48.4915,47.9305,52.5173,22,1.5289,-21.29,-0.6331,time,0.06097,0.069697,67.0558,1.0193,0.954822,A
2021-05-24,TKO,2021-05-24,2021-05-28,57.4874,55.7842,55.2835,61.8953,15,2.2039,-25.55,-0.7728,time,0.071894,0.044275,57.0698,1.4693,0.926904,A
2021-05-24,LYV,2021-05-24,2021-05-28,89.7497,90.0199,84.1332,100.9825,6,5.6164,1.62,0.0481,time,0.040326,0.090132,60.4467,3.7443,0.917259,A
2021-05-24,ARES,2021-05-24,2021-05-28,55.4254,55.1248,53.3361,59.6039,16,2.0893,-4.81,-0.1439,time,0.049418,0.04722,62.1123,1.3929,0.88731,A
2021-06-21,DASH,2021-06-21,2021-06-25,167.6675,176.5433,154.7518,193.499,2,12.9157,17.75,0.6872,time,0.085431,0.094948,65.5141,8.6105,0.970318,A
2021-06-21,MTCH,2021-06-21,2021-06-25,154.6745,161.828,148.2112,167.6011,5,6.4633,35.77,1.1068,time,0.087236,0.076288,67.1326,4.3089,0.925795,A
2021-06-21,NDAQ,2021-06-21,2021-06-25,58.9989,59.2973,57.5354,61.9261,23,1.4636,6.86,0.2039,time,0.016479,0.059164,65.724,0.9757,0.914488,A
2021-06-21,ANET,2021-06-21,2021-06-25,22.8829,22.6161,22.2263,24.196,53,0.6566,-14.14,-0.4063,time,-0.002967,0.076501,68.1363,0.4377,0.895406,A
2021-06-21,PM,2021-06-21,2021-06-24,100.1,98.069,98.1671,103.9657,18,1.9329,-36.56,-1.0508,stop,0.006677,0.029168,66.0733,1.2886,0.879859,A
2021-09-20,FANG,2021-09-20,2021-09-24,78.8588,89.2908,73.5981,89.3802,6,5.2607,62.59,1.983,target,0.101013,0.130542,61.9831,3.5071,0.969032,A
2021-09-20,CF,2021-09-20,2021-09-23,47.3673,51.6956,45.1773,51.7473,15,2.19,64.92,1.9764,target,0.075811,0.102875,68.6237,1.46,0.953548,A
2021-09-20,IVZ,2021-09-20,2021-09-21,25.1651,23.9893,24.0134,27.4687,30,1.1518,-35.27,-1.0208,stop,0.067073,0.051683,55.303,0.7679,0.949032,A
2021-09-20,EXE,2021-09-20,2021-09-24,59.7297,58.5314,56.8392,65.5107,12,2.8905,-14.38,-0.4146,time,0.025697,0.149878,68.5826,1.927,0.919355,A
2021-09-20,EQIX,2021-09-20,2021-09-24,862.6718,830.0987,830.9297,926.1561,1,31.7421,-32.57,-1.0262,stop,0.033863,0.057686,66.5009,21.1614,0.914839,A
2021-10-04,VLO,2021-10-04,2021-10-08,74.3042,78.5214,70.7203,81.4721,9,3.5839,37.95,1.1767,time,0.08857,0.161016,69.0965,2.3893,0.981877,A
2021-10-04,DLTR,2021-10-04,2021-10-08,98.0479,98.7511,92.9319,108.2801,6,5.1161,4.22,0.1374,time,0.158978,0.086132,63.8942,3.4107,0.951456,A
2021-10-04,OXY,2021-10-04,2021-10-08,31.6716,33.5964,29.5984,35.8181,16,2.0732,30.8,0.9284,time,0.108541,0.246998,69.3632,1.3821,0.945631,A
2021-10-04,KEY,2021-10-04,2021-10-08,22.3924,22.947,21.5063,24.1645,39,0.8861,21.63,0.626,time,0.056764,0.124308,66.5984,0.5907,0.913916,A
2021-10-04,EQT,2021-10-04,2021-10-08,20.9309,20.8591,19.3013,24.1902,21,1.6296,-1.51,-0.0441,time,0.031516,0.062887,53.3609,1.0864,0.912621,A
2021-10-11,APP,2021-10-11,2021-10-15,85.2752,91.7482,78.8456,98.1345,5,6.4296,32.36,1.0067,time,0.154587,0.186804,69.5503,4.2864,0.997546,A
2021-10-11,ANET,2021-10-11,2021-10-15,23.3358,24.3369,22.5646,24.8783,45,0.7712,45.05,1.298,time,0.061173,0.035614,62.4463,0.5142,0.946012,A
2021-10-11,LHX,2021-10-11,2021-10-15,233.8336,238.8309,227.12,247.2608,5,6.7136,24.99,0.7444,time,0.062375,0.048143,68.1804,4.4757,0.944785,A
2021-10-11,PCAR,2021-10-11,2021-10-15,56.5832,57.8687,54.6996,60.3503,18,1.8836,23.14,0.6825,time,0.066835,0.039362,66.9439,1.2557,0.917791,A
2021-10-11,NTRS,2021-10-11,2021-10-15,116.2862,120.7391,111.7465,125.3655,7,4.5396,31.17,0.9809,time,0.056944,0.067006,69.7607,3.0264,0.91227,A
2022-01-10,IVZ,2022-01-10,2022-01-14,24.6746,24.8651,23.6546,26.7146,34,1.02,6.48,0.1867,time,0.06603,0.080581,66.2732,0.68,0.940146,A
2022-01-10,RCL,2022-01-10,2022-01-14,81.7517,84.0659,76.147,92.961,6,5.6046,13.89,0.4129,time,0.053576,0.177616,68.8899,3.7364,0.917518,A
2022-01-10,CTRA,2022-01-10,2022-01-14,21.5115,22.1778,20.3608,23.8129,30,1.1507,19.99,0.579,time,0.13421,0.073207,65.6198,0.7671,0.915328,A
2022-01-10,NCLH,2022-01-10,2022-01-14,22.4624,22.937,20.5982,26.191,18,1.8643,8.54,0.2546,time,0.070395,0.14788,61.5575,1.2429,0.90365,A
2022-01-10,WAB,2022-01-10,2022-01-11,95.1951,92.0355,92.1276,101.3301,11,3.0675,-34.76,-1.03,stop,0.032461,0.063639,69.3082,2.045,0.89635,A
2022-01-24,MDLZ,2022-01-24,2022-01-25,68.6786,66.9948,67.0618,71.9122,21,1.6168,-35.36,-1.0415,stop,0.010645,0.039696,69.3762,1.0779,0.937391,A
2022-01-24,LMT,2022-01-24,2022-01-26,369.9195,389.6595,359.8545,390.0495,3,10.065,59.22,1.9612,target,0.016485,0.049833,68.021,6.71,0.934783,A
2022-01-24,LVS,2022-01-24,2022-01-28,42.8428,43.0669,39.6949,49.1385,11,3.1479,2.47,0.0712,time,0.16171,0.161093,69.0818,2.0986,0.888696,A
2022-01-24,GIS,2022-01-24,2022-01-28,69.049,69.3106,67.1472,72.8526,18,1.9018,4.71,0.1376,time,0.001887,0.02953,63.2424,1.2679,0.882609,A
2022-01-24,TRV,2022-01-24,2022-01-28,162.162,166.6532,156.1127,174.2606,5,6.0493,22.46,0.7424,time,-0.002699,0.036987,61.7849,4.0329,0.858261,A
2022-01-31,GLW,2022-01-31,2022-02-04,41.6816,42.1478,39.4199,46.2052,15,2.2618,6.99,0.2061,time,0.201369,0.098878,68.5765,1.5079,0.981333,A
2022-01-31,PKG,2022-01-31,2022-02-04,147.4173,146.5233,140.6737,160.9044,5,6.7436,-4.47,-0.1326,time,0.081995,0.062641,61.7164,4.4957,0.966,A
2022-01-31,V,2022-01-31,2022-02-04,225.7756,228.1616,214.0381,249.2506,2,11.7375,4.77,0.2033,time,0.107172,0.037543,60.8619,7.825,0.955333,A
2022-01-31,NI,2022-01-31,2022-02-04,29.049,29.3207,28.1426,30.8619,38,0.9064,10.32,0.2997,time,0.063204,0.05859,66.7464,0.6043,0.954667,A
2022-01-31,CVS,2022-01-31,2022-02-04,108.3282,108.3815,104.8386,115.3075,10,3.4896,0.53,0.0153,time,0.075916,0.065114,65.2828,2.3264,0.936667,A
2022-02-07,TMUS,2022-02-07,2022-02-11,121.3612,124.3555,115.4523,133.1791,5,5.9089,14.97,0.5067,time,0.113116,0.098256,69.382,3.9393,0.956056,A
2022-02-07,CTRA,2022-02-07,2022-02-11,23.2833,24.0859,21.8315,26.1868,24,1.4518,19.26,0.5529,time,0.082755,0.072344,58.5674,0.9679,0.952676,A
2022-02-07,GEN,2022-02-07,2022-02-08,27.6176,29.7885,26.5172,29.8183,31,1.1004,67.3,1.9729,target,0.076053,0.037218,56.5863,0.7336,0.939155,A
2022-02-07,MOS,2022-02-07,2022-02-11,44.1541,46.8231,41.0009,50.4605,11,3.1532,29.36,0.8464,time,0.102087,0.053353,52.1521,2.1021,0.938028,A
2022-02-07,AON,2022-02-07,2022-02-11,289.319,283.1366,276.7297,314.4976,2,12.5893,-12.36,-0.4911,time,0.078207,0.038798,64.9531,8.3929,0.936901,A
2022-02-14,GDDY,2022-02-14,2022-02-18,80.6806,83.5364,75.6481,90.7456,6,5.0325,17.13,0.5675,time,0.054284,0.123188,64.0218,3.355,0.970166,A
2022-02-14,EQT,2022-02-14,2022-02-18,23.043,22.2977,21.5162,26.0966,22,1.5268,-16.4,-0.4882,time,0.063544,0.115272,67.5926,1.0179,0.959116,A
2022-02-14,UAL,2022-02-14,2022-02-18,47.5275,47.3826,44.3453,53.8918,10,3.1821,-1.45,-0.0455,time,0.096917,0.127731,69.2946,2.1214,0.949171,A
2022-02-14,MU,2022-02-14,2022-02-18,92.082,90.7092,86.2598,103.7263,6,5.8221,-8.24,-0.2358,time,0.105827,0.095569,61.657,3.8814,0.948066,A
2022-02-14,CCL,2022-02-14,2022-02-18,22.022,22.1478,20.2059,25.6541,19,1.8161,2.39,0.0693,time,0.104209,0.102551,62.5272,1.2107,0.947514,A
2022-02-28,PANW,2022-02-28,2022-03-04,96.2428,92.8254,89.6371,109.4542,5,6.6057,-17.09,-0.5173,time,0.141463,0.157064,62.6889,4.4038,0.998507,A
2022-02-28,MOS,2022-02-28,2022-03-03,49.3393,56.4057,45.7779,56.4621,9,3.5614,63.6,1.9841,target,0.076271,0.15347,69.3614,2.3743,0.99005,A
2022-02-28,UHS,2022-02-28,2022-03-04,140.6205,149.3105,133.3873,155.0869,4,7.2332,34.76,1.2014,time,0.062042,0.101712,69.529,4.8221,0.98607,A
2022-02-28,IRM,2022-02-28,2022-03-04,47.8778,51.9787,45.8014,52.0307,16,2.0764,65.61,1.9749,target,0.117053,0.06058,61.486,1.3843,0.956716,A
2022-02-28,CRWD,2022-02-28,2022-03-04,187.5374,178.851,171.1973,220.2174,2,16.34,-17.37,-0.5316,time,0.070062,0.06517,52.8425,10.8934,0.956219,A
2022-03-07,BKR,2022-03-07,2022-03-11,33.2332,37.3144,31.1739,37.3518,16,2.0593,65.3,1.9819,target,0.126102,0.210641,69.4657,1.3729,0.991477,A
2022-03-07,KMI,2022-03-07,2022-03-09,18.9189,18.1796,18.1978,20.361,48,0.7211,-35.48,-1.0252,stop,0.103691,0.095349,67.3797,0.4807,0.972727,A
2022-03-07,BBY,2022-03-07,2022-03-10,105.6455,98.1384,98.2366,120.4634,4,7.4089,-30.03,-1.0133,stop,0.107169,0.056037,56.7886,4.9393,0.965341,A
2022-03-07,CTRA,2022-03-07,2022-03-09,27.3173,25.5753,25.6009,30.7501,20,1.7164,-34.84,-1.0149,stop,0.149714,0.135711,63.587,1.1443,0.951705,A
2022-03-07,DVN,2022-03-07,2022-03-11,60.5605,58.5814,55.9587,69.7641,7,4.6018,-13.85,-0.4301,time,0.079167,0.140751,64.0722,3.0679,0.950568,A
2022-03-14,HAL,2022-03-14,2022-03-18,36.2862,36.004,33.2123,42.4341,11,3.0739,-3.11,-0.0918,time,0.096103,0.134668,67.2472,2.0493,0.973913,A
2022-03-14,VLO,2022-03-14,2022-03-15,91.0109,84.8499,84.9348,103.1631,5,6.0761,-30.81,-1.014,stop,0.066178,0.053194,57.9968,4.0507,0.945652,A
2022-03-14,WRB,2022-03-14,2022-03-18,42.4958,42.624,40.7115,46.0644,19,1.7843,2.44,0.0719,time,0.047841,0.051693,60.4134,1.1895,0.927717,A
2022-03-14,CTVA,2022-03-14,2022-03-18,53.9939,55.7941,51.409,59.1638,13,2.5849,23.4,0.6964,time,0.042152,0.046421,64.1148,1.7233,0.895109,A
2022-03-14,LYB,2022-03-14,2022-03-15,104.8648,98.9468,99.0458,116.5026,6,5.8189,-35.51,-1.017,stop,0.064862,0.024567,55.3439,3.8793,0.892935,A
2022-03-21,WSM,2022-03-21,2022-03-23,82.2271,76.5849,76.6616,93.3582,6,5.5655,-33.85,-1.0138,stop,0.163325,0.135958,69.0457,3.7104,0.895876,A
2022-03-21,NVDA,2022-03-21,2022-03-25,26.5335,27.6643,24.4953,30.6099,17,2.0382,19.22,0.5548,time,0.196968,0.095045,57.9612,1.3588,0.880412,A
2022-03-21,ANET,2022-03-21,2022-03-25,32.7302,34.5654,30.6717,36.8473,17,2.0585,31.2,0.8915,time,0.094571,0.062753,59.1299,1.3724,0.874742,A
2022-03-21,TMO,2022-03-21,2022-03-25,582.3918,573.7157,557.7039,631.7675,1,24.6879,-8.68,-0.3514,time,0.111889,0.071404,66.6224,16.4586,0.868041,A
2022-03-21,ALL,2022-03-21,2022-03-25,133.9939,141.6582,128.7578,144.466,6,5.2361,45.99,1.4638,time,0.082023,0.075139,69.5713,3.4907,0.860309,A
2022-03-28,CTRA,2022-03-28,2022-04-01,28.5385,27.0729,26.4267,32.7621,16,2.1118,-23.45,-0.694,time,0.16338,0.107239,58.3845,1.4079,0.971528,A
2022-03-28,BG,2022-03-28,2022-03-29,116.6565,111.6087,111.7205,126.5287,7,4.9361,-35.33,-1.0226,stop,0.117243,0.082072,66.2442,3.2907,0.954167,A
2022-03-28,TRGP,2022-03-28,2022-04-01,74.3943,77.2627,70.8511,81.4808,9,3.5432,25.82,0.8095,time,0.092261,0.08802,66.9561,2.3621,0.936111,A
2022-03-28,EXE,2022-03-28,2022-04-01,87.2772,89.91,82.0472,97.7371,6,5.23,15.8,0.5034,time,0.137689,0.050824,56.4987,3.4866,0.933333,A
2022-03-28,INTC,2022-03-28,2022-04-01,51.4114,49.0212,49.0703,56.0935,14,2.3411,-33.46,-1.021,stop,0.092308,0.078219,68.3142,1.5607,0.923611,A
2022-04-04,MSCI,2022-04-04,2022-04-08,518.7182,505.9835,494.8757,566.4032,1,23.8425,-12.73,-0.5341,time,0.052395,0.130018,68.2216,15.895,0.953648,A
2022-04-04,MNST,2022-04-04,2022-04-08,41.021,40.7692,39.2729,44.5171,20,1.748,-5.04,-0.144,time,0.043837,0.121961,68.6144,1.1654,0.871245,A
2022-04-04,MKC,2022-04-04,2022-04-08,101.5014,102.0179,98.0696,108.365,10,3.4318,5.16,0.1505,time,0.04085,0.055947,66.5481,2.2879,0.857511,A
2022-04-04,SHW,2022-04-04,2022-04-08,254.0738,263.4962,243.6906,274.8402,3,10.3832,28.27,0.9075,time,0.040781,0.092555,63.9613,6.9221,0.856652,A
2022-04-04,ALGN,2022-04-04,2022-04-06,445.8754,416.0236,416.4401,504.7461,1,29.4354,-29.85,-1.0141,stop,0.037102,0.114159,69.3893,19.6236,0.846352,A
2022-04-11,OXY,2022-04-11,2022-04-14,60.6105,59.2807,56.0463,69.7391,7,4.5643,-9.31,-0.2914,time,0.0635,0.098862,52.3256,3.0429,0.954545,A
2022-04-11,REGN,2022-04-11,2022-04-14,737.3767,732.287,711.4513,789.2273,1,25.9253,-5.09,-0.1963,time,0.063339,0.07712,68.0025,17.2836,0.950649,A
2022-04-11,DG,2022-04-11,2022-04-14,245.6654,248.5212,238.2865,260.4233,4,7.3789,11.42,0.387,time,0.086169,0.070418,69.6655,4.9193,0.95,A
2022-04-11,BDX,2022-04-11,2022-04-12,216.8912,210.6403,210.8512,228.9712,5,6.04,-31.25,-1.0349,stop,0.049219,0.077337,67.4671,4.0267,0.931818,A
2022-04-11,ADM,2022-04-11,2022-04-14,97.0069,96.8131,93.4948,104.0312,9,3.5121,-1.74,-0.0552,time,0.044752,0.134199,69.3819,2.3414,0.931169,A
2022-04-18,CTRA,2022-04-18,2022-04-22,30.03,28.931,28.4989,33.0921,22,1.5311,-24.18,-0.7178,time,0.098171,0.08842,53.8695,1.0207,0.942574,A
2022-04-18,LUV,2022-04-18,2022-04-22,46.4965,46.8031,44.1993,51.0907,15,2.2971,4.6,0.1335,time,0.10309,0.064663,60.119,1.5314,0.932013,A
2022-04-18,TAP,2022-04-18,2022-04-22,55.7657,53.7672,53.8211,59.655,17,1.9446,-33.97,-1.0277,stop,0.101406,0.050831,57.8646,1.2964,0.925413,A
2022-04-18,MAR,2022-04-18,2022-04-21,179.4092,195.084,171.4742,195.2792,4,7.935,62.7,1.9754,target,0.096259,0.049599,60.5343,5.29,0.914851,A
2022-04-18,PKG,2022-04-18,2022-04-22,162.9728,161.0188,158.6817,171.5549,8,4.2911,-15.63,-0.4554,time,0.077462,0.065769,67.2855,2.8607,0.90429,A
2022-04-25,UAL,2022-04-25,2022-04-29,51.061,50.4495,47.7192,57.7446,10,3.3418,-6.12,-0.183,time,0.140261,0.110009,68.1354,2.2279,0.988372,A
2022-04-25,DOW,2022-04-25,2022-04-29,67.4774,66.4335,64.8385,72.7553,13,2.6389,-13.57,-0.3956,time,0.045961,0.075016,67.7049,1.7593,0.96686,A
2022-04-25,MNST,2022-04-25,2022-04-29,42.8678,42.7972,41.3812,45.841,23,1.4866,-1.63,-0.0475,time,0.037051,0.071965,63.4823,0.9911,0.947093,A
2022-04-25,ALLE,2022-04-25,2022-04-29,114.154,114.1258,109.8812,122.6998,8,4.2729,-0.23,-0.0066,time,0.065903,0.043086,56.9309,2.8486,0.947093,A
2022-04-25,IBM,2022-04-25,2022-04-29,137.7276,132.9049,133.0379,147.1069,7,4.6896,-33.76,-1.0284,stop,0.092367,0.063298,68.6981,3.1264,0.938953,A
2022-05-02,PTC,2022-05-02,2022-05-06,114.104,110.2996,106.9072,128.4976,4,7.1968,-15.22,-0.5286,time,0.15224,0.098173,65.8011,4.7979,0.978146,A
2022-05-02,SHW,2022-05-02,2022-05-06,274.0738,273.1066,259.9588,302.3038,2,14.115,-1.93,-0.0685,time,0.122652,0.042186,57.1501,9.41,0.948344,A
2022-05-02,VLO,2022-05-02,2022-05-04,111.6015,125.2954,104.6918,125.4208,5,6.9096,68.47,1.9818,target,0.081805,0.078874,60.1176,4.6064,0.929801,A
2022-05-02,AMCR,2022-05-02,2022-05-04,59.3593,63.56,57.2272,63.6236,16,2.1321,67.21,1.9702,target,0.02418,0.028621,53.3019,1.4214,0.923179,A
2022-05-02,VICI,2022-05-02,2022-05-06,29.99,28.972,29.001,31.9678,35,0.9889,-35.63,-1.0293,stop,0.00438,0.072302,64.7279,0.6593,0.921854,A
2022-05-09,ALB,2022-05-09,2022-05-10,238.238,219.6367,219.8566,275.0009,1,18.3814,-18.6,-1.012,stop,0.257118,0.149462,66.1759,12.2543,0.994901,A
2022-05-09,EOG,2022-05-09,2022-05-10,129.0789,120.7788,120.8997,145.4375,4,8.1793,-33.2,-1.0148,stop,0.132408,0.075484,61.1697,5.4529,0.968839,A
2022-05-09,NRG,2022-05-09,2022-05-13,41.071,42.2477,38.8982,45.4167,16,2.1729,18.83,0.5415,time,0.153203,0.056392,55.3005,1.4486,0.967139,A
2022-05-09,DVN,2022-05-09,2022-05-10,67.4073,62.0235,62.0855,78.0509,6,5.3218,-32.3,-1.0117,stop,0.19804,0.113971,60.7106,3.5479,0.963739,A
2022-05-09,VST,2022-05-09,2022-05-10,26.4564,25.1403,25.1655,29.0384,27,1.291,-35.54,-1.0195,stop,0.063949,0.107782,63.7346,0.8606,0.955241,A
2022-05-16,IFF,2022-05-16,2022-05-20,131.4113,128.8011,124.6709,144.892,5,6.7404,-13.05,-0.3873,time,0.081948,0.060589,62.1752,4.4936,0.969275,A
2022-05-16,LRCX,2022-05-16,2022-05-20,48.6906,47.3646,44.8872,56.2976,9,3.8035,-11.93,-0.3486,time,0.028626,0.062164,53.3174,2.5356,0.94029,A
2022-05-16,CF,2022-05-16,2022-05-20,106.2161,97.2238,97.3211,124.0061,3,8.895,-26.98,-1.0109,stop,0.040473,0.071384,63.1022,5.93,0.937391,A
2022-05-16,EXPD,2022-05-16,2022-05-18,111.6115,105.6333,105.739,123.3565,5,5.8725,-29.89,-1.018,stop,0.032763,0.122297,67.4799,3.915,0.933333,A
2022-05-16,MU,2022-05-16,2022-05-20,71.5815,66.4578,66.5244,81.6958,6,5.0571,-30.74,-1.0132,stop,0.022317,0.036162,53.1735,3.3714,0.901449,A
2022-05-23,SNPS,2022-05-23,2022-05-27,311.5512,322.637,289.6362,355.3812,1,21.915,11.09,0.5059,time,0.111345,0.069493,55.977,14.61,0.972055,A
2022-05-23,EA,2022-05-23,2022-05-27,134.6946,138.3915,126.931,150.2217,4,7.7636,14.79,0.4762,time,0.046582,0.107666,65.3714,5.1757,0.963288,A
2022-05-23,DGX,2022-05-23,2022-05-27,142.0319,145.2446,136.2472,153.6012,6,5.7846,19.28,0.5554,time,0.03402,0.053721,66.6538,3.8564,0.94411,A
2022-05-23,CTVA,2022-05-23,2022-05-27,59.9098,62.8471,56.8089,66.1117,11,3.1009,32.31,0.9472,time,0.067784,0.026694,56.0076,2.0673,0.934795,A
2022-05-23,A,2022-05-23,2022-05-25,126.5764,119.9335,120.0536,139.6222,5,6.5229,-33.21,-1.0184,stop,0.048166,0.049132,56.6475,4.3486,0.914521,A
2022-06-06,ON,2022-06-06,2022-06-09,67.2272,62.6516,62.7143,76.2529,7,4.5129,-32.03,-1.0139,stop,0.060846,0.187995,64.6194,3.0086,0.969975,A
2022-06-06,MPWR,2022-06-06,2022-06-10,470.9505,431.7979,432.2301,548.3912,1,38.7204,-39.15,-1.0112,stop,0.084877,0.177746,55.7539,25.8136,0.967939,A
2022-06-06,CRM,2022-06-06,2022-06-10,189.1189,178.2715,176.6336,214.0896,2,12.4854,-21.69,-0.8688,time,0.138188,0.152662,64.0406,8.3236,0.956743,A
2022-06-06,EL,2022-06-06,2022-06-10,268.1479,252.9365,253.1897,298.0643,2,14.9582,-30.42,-1.0169,stop,0.099085,0.14381,64.918,9.9721,0.956234,A
2022-06-06,AMZN,2022-06-06,2022-06-09,125.3752,117.3276,117.4451,141.2356,4,7.9302,-32.19,-1.0148,stop,0.101483,0.144201,60.6594,5.2868,0.955725,A
2022-06-13,CME,2022-06-13,2022-06-17,196.156,200.3295,189.7563,208.9553,5,6.3996,20.87,0.6521,time,-0.0005,0.051275,62.4401,4.2664,0.943902,A
2022-06-13,APD,2022-06-13,2022-06-16,244.4242,233.9996,234.2338,264.8049,3,10.1904,-31.27,-1.023,stop,-0.016134,0.059687,59.3447,6.7936,0.930732,A
2022-06-13,HSY,2022-06-13,2022-06-14,211.3611,205.2029,205.4083,223.2669,5,5.9529,-30.79,-1.0345,stop,0.019935,0.040123,62.3978,3.9686,0.916585,A
2022-06-13,FCX,2022-06-13,2022-06-16,38.2282,35.7453,35.781,43.1225,14,2.4471,-34.76,-1.0146,stop,-0.027099,0.095044,64.0086,1.6314,0.910732,A
2022-06-13,RMD,2022-06-13,2022-06-17,202.5423,197.3724,193.7073,220.2123,3,8.835,-15.51,-0.5852,time,0.00096,0.055266,61.7858,5.89,0.902439,A
2022-06-27,VRTX,2022-06-27,2022-06-29,290.0998,275.6136,275.8894,318.5205,2,14.2104,-28.97,-1.0194,stop,0.165724,0.083318,62.9265,9.4736,0.979155,A
2022-06-27,PLTR,2022-06-27,2022-06-28,10.1601,9.2825,9.2918,11.8969,40,0.8684,-35.11,-1.0107,stop,0.328553,0.095699,61.9503,0.5789,0.962254,A
2022-06-27,LW,2022-06-27,2022-07-01,71.8718,71.5883,68.8434,77.9286,11,3.0284,-3.12,-0.0936,time,0.128708,0.055792,61.4303,2.0189,0.957183,A
2022-06-27,LLY,2022-06-27,2022-07-01,324.5542,324.3853,310.661,352.3407,2,13.8932,-0.34,-0.0122,time,0.13035,0.076679,65.1307,9.2621,0.925634,A
2022-06-27,INCY,2022-06-27,2022-07-01,77.9879,77.5923,74.4393,85.0851,9,3.5486,-3.56,-0.1115,time,0.149177,0.047702,59.1917,2.3657,0.92507,A
2022-07-11,ALGN,2022-07-11,2022-07-13,258.228,239.7619,240.0019,294.6801,1,18.2261,-18.47,-1.0132,stop,0.104998,0.07277,66.9012,12.1507,0.957516,A
2022-07-11,WSM,2022-07-11,2022-07-15,65.065,65.884,60.5714,74.0521,7,4.4936,5.73,0.1823,time,0.175935,0.075686,64.9095,2.9957,0.956863,A
2022-07-11,DECK,2022-07-11,2022-07-15,44.5795,45.0782,41.4856,50.7674,11,3.0939,5.49,0.1612,time,0.055727,0.045411,63.6862,2.0626,0.882353,A
2022-07-11,INTU,2022-07-11,2022-07-13,405.0546,380.558,380.9389,453.2861,1,24.1157,-24.5,-1.0158,stop,0.055443,0.074682,68.6718,16.0771,0.881699,A
2022-07-11,QCOM,2022-07-11,2022-07-15,133.7236,144.2256,125.6836,149.8036,4,8.04,42.01,1.3062,time,0.064741,0.038007,69.0208,5.36,0.881046,A
2022-07-18,C,2022-07-18,2022-07-22,50.7107,51.8581,47.9796,56.1728,12,2.7311,13.77,0.4201,time,0.067493,0.078317,58.2298,1.8207,0.971501,A
2022-07-18,SYF,2022-07-18,2022-07-22,32.1321,32.6473,30.3136,35.7692,19,1.8185,9.79,0.2833,time,0.057615,0.112332,62.4831,1.2124,0.938422,A
2022-07-18,ADI,2022-07-18,2022-07-22,158.9988,163.1067,152.1085,172.7796,5,6.8904,20.54,0.5962,time,0.053555,0.085406,64.5775,4.5936,0.937913,A
2022-07-18,TAP,2022-07-18,2022-07-22,58.8588,57.8521,56.7577,63.0609,16,2.1011,-16.11,-0.4791,time,0.056577,0.089963,67.3519,1.4007,0.933333,A
2022-07-18,WFC,2022-07-18,2022-07-22,41.9719,43.1268,39.8805,46.1548,16,2.0914,18.48,0.5522,time,0.023644,0.085224,52.4247,1.3943,0.931807,A
2022-07-25,PPG,2022-07-25,2022-07-29,127.3973,129.1607,121.2708,139.6501,5,6.1264,8.82,0.2878,time,0.093579,0.117107,68.6297,4.0843,0.971687,A
2022-07-25,NUE,2022-07-25,2022-07-29,121.5014,135.6642,113.4121,137.6799,4,8.0893,56.65,1.7508,time,0.086476,0.147974,67.0831,5.3929,0.96988,A
2022-07-25,INTU,2022-07-25,2022-07-29,432.0416,455.7138,408.8462,478.4323,1,23.1954,23.67,1.0206,time,0.106321,0.127906,69.7088,15.4636,0.95241,A
2022-07-25,UHS,2022-07-25,2022-07-29,111.111,112.3575,105.6435,122.046,6,5.4675,7.48,0.228,time,0.07705,0.102075,60.4758,3.645,0.936747,A
2022-07-25,RF,2022-07-25,2022-07-29,20.971,21.1588,19.9649,22.9831,34,1.0061,6.39,0.1867,time,0.076081,0.101333,69.1943,0.6707,0.933735,A
2022-08-29,STLD,2022-08-29,2022-08-30,86.0059,81.723,81.8048,94.4081,8,4.2011,-34.26,-1.0195,stop,0.06198,0.102691,68.6068,2.8007,0.98509,A
2022-08-29,ULTA,2022-08-29,2022-09-02,406.1658,422.6569,389.7676,438.9622,2,16.3982,32.98,1.0057,time,0.020384,0.089121,69.0318,10.9321,0.979949,A
2022-08-29,NTAP,2022-08-29,2022-09-01,74.4444,71.0486,71.1197,81.0937,10,3.3246,-33.96,-1.0214,stop,0.009019,0.035788,55.286,2.2164,0.929049,A
2022-08-29,BR,2022-08-29,2022-09-02,172.6224,166.9889,167.156,183.5553,6,5.4664,-33.8,-1.0306,stop,-0.011589,0.03658,59.8105,3.6443,0.911568,A
2022-08-29,FCX,2022-08-29,2022-08-30,31.5015,29.4192,29.4486,35.6072,17,2.0529,-35.4,-1.0143,stop,0.057143,0.063429,55.9969,1.3686,0.909512,A
2022-09-19,ABBV,2022-09-19,2022-09-23,143.7836,142.9169,139.3072,152.7365,7,4.4764,-6.07,-0.1936,time,0.018668,0.033948,66.5806,2.9843,0.958356,A
2022-09-19,ALL,2022-09-19,2022-09-23,128.5384,127.4924,124.2506,137.1141,8,4.2879,-8.37,-0.244,time,0.023568,0.011094,59.2703,2.8586,0.953425,A
2022-09-19,NRG,2022-09-19,2022-09-22,43.5635,42.0215,42.0635,46.5635,23,1.5,-35.47,-1.028,stop,0.013398,0.023565,61.9047,1.0,0.948493,A
2022-09-19,FE,2022-09-19,2022-09-23,41.081,39.7609,39.8007,43.6418,27,1.2804,-35.64,-1.0311,stop,-0.007468,0.006597,57.5486,0.8536,0.932055,A
2022-09-19,JNJ,2022-09-19,2022-09-23,166.4663,166.5533,162.2513,174.8963,8,4.215,0.7,0.0206,time,0.011405,0.002812,57.1922,2.81,0.930959,A
2022-09-26,LLY,2022-09-26,2022-09-28,309.1088,333.9231,296.5345,334.2574,2,12.5743,49.63,1.9734,target,0.00832,0.007537,58.6096,8.3829,0.967147,A
2022-09-26,TKO,2022-09-26,2022-09-30,67.3873,70.0998,64.5909,72.9802,12,2.7964,32.55,0.97,time,0.004731,0.006815,50.6462,1.8643,0.964841,A
2022-09-26,JNJ,2022-09-26,2022-09-30,165.9658,163.1966,161.5579,174.7815,7,4.4079,-19.38,-0.6282,time,-0.005251,0.008346,59.3077,2.9386,0.910663,A
2022-09-26,GL,2022-09-26,2022-09-30,99.3993,99.6003,96.0907,106.0164,10,3.3086,2.01,0.0607,time,-0.02259,0.025023,60.2597,2.2057,0.910663,A
2022-09-26,LEN,2022-09-26,2022-09-30,73.9073,72.0963,70.1081,81.5059,9,3.7993,-16.3,-0.4767,time,0.016889,-0.00542,48.1835,2.5328,0.910086,A
2022-10-03,PLTR,2022-10-03,2022-10-07,8.1531,8.1418,7.5072,9.4451,54,0.646,-0.61,-0.0175,time,0.098649,0.043646,52.1739,0.4306,0.958974,A
2022-10-03,LLY,2022-10-03,2022-10-07,326.316,326.3333,311.4681,356.0117,2,14.8479,0.03,0.0012,time,0.038175,0.017784,54.9664,9.8986,0.905128,A
2022-10-03,TKO,2022-10-03,2022-10-07,71.0109,72.6573,68.2027,76.6274,12,2.8082,19.76,0.5863,time,0.032519,0.013139,50.3395,1.8721,0.905128,A
2022-10-03,ACGL,2022-10-03,2022-10-07,45.8358,45.6243,43.7261,50.0551,16,2.1096,-3.38,-0.1002,time,0.056613,-0.021066,43.7043,1.4064,0.869231,A
2022-10-03,MPC,2022-10-03,2022-10-07,102.5124,106.7332,96.8756,113.786,6,5.6368,25.32,0.7488,time,0.086167,-0.006799,48.9843,3.7579,0.823077,A
2022-10-10,DXCM,2022-10-10,2022-10-13,102.0119,95.5702,95.6658,114.7041,5,6.3461,-32.21,-1.0151,stop,0.26819,0.133755,69.5162,4.2307,0.995376,A
2022-10-10,HAL,2022-10-10,2022-10-14,30.3703,29.3806,28.2243,34.6625,16,2.1461,-15.84,-0.4612,time,0.235175,0.078751,58.2258,1.4307,0.976301,A
2022-10-10,SLB,2022-10-10,2022-10-14,42.3723,42.1178,39.6327,47.8516,12,2.7396,-3.05,-0.0929,time,0.186351,0.109982,61.8456,1.8264,0.96185,A
2022-10-10,APA,2022-10-10,2022-10-14,42.3023,39.8901,38.9026,49.1015,10,3.3996,-24.12,-0.7095,time,0.243639,0.050915,54.9736,2.2664,0.943931,A
2022-10-10,XOM,2022-10-10,2022-10-14,101.5915,99.0908,96.7208,111.3329,7,4.8707,-17.5,-0.5134,time,0.157141,0.083897,62.4563,3.2471,0.943353,A
2022-10-17,DAL,2022-10-17,2022-10-21,32.012,32.5474,29.852,36.332,16,2.16,8.57,0.2479,time,0.057503,0.070986,65.3,1.44,0.972081,A
2022-10-17,WFC,2022-10-17,2022-10-21,44.7047,44.7852,42.5682,48.9775,16,2.1364,1.29,0.0377,time,0.033022,0.0683,64.4161,1.4243,0.949239,A
2022-10-17,KHC,2022-10-17,2022-10-21,35.9059,35.1748,34.5157,38.6862,25,1.3902,-18.28,-0.5259,time,0.081744,0.053361,61.7111,0.9268,0.931472,A
2022-10-17,CINF,2022-10-17,2022-10-21,100.8507,99.1408,96.6368,109.2786,8,4.2139,-13.68,-0.4058,time,0.054396,0.07663,67.7863,2.8093,0.925888,A
2022-10-17,UAL,2022-10-17,2022-10-21,36.5365,40.3996,33.9897,41.6301,13,2.5468,50.22,1.5168,time,0.047549,0.072573,67.8322,1.6979,0.903046,A
2022-10-24,SMCI,2022-10-24,2022-10-28,6.5165,6.8651,5.9757,7.5982,64,0.5409,22.31,0.6446,time,0.194558,0.171781,62.7304,0.3606,0.979397,A
2022-10-24,NFLX,2022-10-24,2022-10-28,29.052,29.5424,26.5841,33.9879,14,2.4679,6.87,0.1987,time,0.259,0.22991,67.741,1.6453,0.975377,A
2022-10-24,FCX,2022-10-24,2022-10-28,31.1511,32.1678,28.645,36.1633,13,2.5061,13.22,0.4057,time,0.158828,0.171972,61.645,1.6707,0.972864,A
2022-10-24,ISRG,2022-10-24,2022-10-26,219.0588,247.9835,204.4724,248.2317,2,14.5864,57.85,1.983,target,0.193543,0.165653,67.6847,9.7243,0.955779,A
2022-10-24,T,2022-10-24,2022-10-28,17.4474,18.4615,16.6942,18.9539,46,0.7532,46.65,1.3463,time,0.140761,0.114733,63.3333,0.5021,0.938693,A
2022-10-31,RJF,2022-10-31,2022-11-04,118.6585,120.3196,112.2085,131.5585,5,6.45,8.31,0.2575,time,0.180711,0.113144,64.4191,4.3,0.943182,A
2022-10-31,AMP,2022-10-31,2022-11-04,310.0597,313.5561,292.4112,345.3569,1,17.6486,3.5,0.1981,time,0.169132,0.148275,67.3347,11.7657,0.925,A
2022-10-31,CARR,2022-10-31,2022-11-04,39.5495,40.2397,37.457,43.7345,16,2.0925,11.04,0.3298,time,0.135266,0.130767,69.3678,1.395,0.912121,A
2022-10-31,MSI,2022-10-31,2022-11-03,249.1189,239.137,239.3764,268.6039,3,9.7425,-29.95,-1.0246,stop,0.104868,0.088188,68.3566,6.495,0.895455,A
2022-10-31,MRNA,2022-10-31,2022-11-03,149.5794,136.1292,136.2654,176.2074,2,13.314,-26.9,-1.0102,stop,0.176512,0.265253,68.0941,8.876,0.887879,A
2022-11-07,FCX,2022-11-07,2022-11-11,35.005,38.002,32.1496,40.7157,12,2.8554,35.96,1.0496,time,0.092857,0.273155,69.504,1.9036,0.985366,A
2022-11-07,MRNA,2022-11-07,2022-11-11,158.6185,171.0288,144.6331,186.5892,2,13.9854,24.82,0.8874,time,0.049281,0.182164,62.536,9.3236,0.956098,A
2022-11-07,MNST,2022-11-07,2022-11-11,49.2142,49.0109,47.2251,53.1924,17,1.9891,-3.45,-0.1022,time,0.047039,0.120595,68.9548,1.3261,0.955401,A
2022-11-07,LIN,2022-11-07,2022-11-11,311.4011,329.8898,298.38,337.4432,2,13.0211,36.98,1.4199,time,0.023625,0.121995,69.1876,8.6807,0.908014,A
2022-11-07,CBOE,2022-11-07,2022-11-08,130.2902,126.1589,126.2852,138.3002,8,4.005,-33.05,-1.0315,stop,0.022718,0.104987,68.5988,2.67,0.896167,A
2022-12-19,UHS,2022-12-19,2022-12-23,135.4954,140.6192,130.8411,144.8039,7,4.6543,35.87,1.1009,time,0.066284,0.022904,68.2618,3.1029,0.95202,A
2022-12-19,ACGL,2022-12-19,2022-12-23,60.9409,63.3166,59.0198,64.783,18,1.9211,42.76,1.2367,time,0.016489,0.039162,68.1983,1.2807,0.930303,A
2022-12-19,BLDR,2022-12-19,2022-12-23,67.087,65.2347,63.6381,73.9849,10,3.4489,-18.52,-0.5371,time,0.033354,0.115995,69.3706,2.2993,0.925758,A
2022-12-19,ADBE,2022-12-19,2022-12-23,338.338,338.1116,320.9669,373.0802,2,17.3711,-0.45,-0.013,time,0.023893,0.012683,55.8475,11.5807,0.921717,A
2022-12-19,DHI,2022-12-19,2022-12-23,88.8287,89.0908,84.663,97.1602,8,4.1657,2.1,0.0629,time,0.04734,0.065443,69.393,2.7771,0.918182,A
2023-01-09,FCX,2023-01-09,2023-01-13,43.2432,45.0049,41.2396,47.2503,17,2.0036,29.95,0.8793,time,0.103628,0.07228,69.723,1.3357,0.970027,A
2023-01-09,GLW,2023-01-09,2023-01-13,35.6056,36.0339,34.4152,37.9863,29,1.1904,12.42,0.3599,time,0.106316,0.048918,68.4211,0.7936,0.952044,A
2023-01-09,WYNN,2023-01-09,2023-01-13,94.6946,100.1497,89.4757,105.1325,6,5.2189,32.73,1.0453,time,0.151489,0.08399,64.4825,3.4793,0.942234,A
2023-01-09,MU,2023-01-09,2023-01-13,56.8768,56.8731,54.014,62.6025,12,2.8629,-0.04,-0.0013,time,0.120829,0.039934,66.2767,1.9086,0.93188,A
2023-01-09,DAL,2023-01-09,2023-01-13,36.5765,38.1618,35.0273,39.6751,22,1.5493,34.88,1.0232,time,0.100825,0.050131,67.7749,1.0329,0.929155,A
2023-02-27,EQT,2023-02-27,2023-03-03,34.7847,34.3156,32.4008,39.5526,14,2.3839,-6.57,-0.1968,time,0.091109,0.090766,63.295,1.5893,0.992453,A
2023-02-27,LIN,2023-02-27,2023-03-03,346.5962,362.0176,333.558,372.6727,2,13.0382,30.84,1.1828,time,0.074683,0.047011,69.7927,8.6921,0.973585,A
2023-02-27,SMCI,2023-02-27,2023-03-03,9.8959,9.7732,9.1162,11.4552,44,0.7797,-5.4,-0.1573,time,0.02378,0.198828,68.7364,0.5198,0.967925,A
2023-02-27,PWR,2023-02-27,2023-03-03,162.6024,162.9569,155.3467,177.1139,4,7.2557,1.42,0.0488,time,0.034252,0.059072,64.531,4.8371,0.966038,A
2023-02-27,CTRA,2023-02-27,2023-03-03,25.5755,26.3137,24.3959,27.9348,29,1.1796,21.41,0.6257,time,0.038602,0.033562,58.5078,0.7864,0.954088,A
2023-03-13,VST,2023-03-13,2023-03-17,24.4044,24.8152,22.8637,27.4858,22,1.5407,9.04,0.2666,time,0.145259,0.074496,58.6283,1.0271,0.913636,A
2023-03-13,AMD,2023-03-13,2023-03-16,81.4714,90.8326,76.7453,90.9235,7,4.7261,65.53,1.9808,target,0.014107,0.032343,61.3624,3.1507,0.899091,A
2023-03-13,GEHC,2023-03-13,2023-03-17,75.0249,75.7642,72.5082,80.0585,13,2.5168,9.61,0.2937,time,-0.018332,0.057256,57.365,1.6779,0.892727,A
2023-03-13,ANET,2023-03-13,2023-03-16,36.3288,39.2728,34.8371,39.3121,23,1.4917,67.71,1.9736,target,0.041086,0.033738,65.3145,0.9944,0.881818,A
2023-03-13,CHD,2023-03-13,2023-03-17,84.1541,85.3745,82.5919,87.2784,22,1.5621,26.85,0.7813,time,-0.004037,0.013166,51.1211,1.0414,0.872727,A
2023-03-20,FDX,2023-03-20,2023-03-24,220.21,217.3824,210.0357,240.5586,3,10.1743,-8.48,-0.2779,time,0.095035,0.083776,64.7647,6.7829,0.980066,A
2023-03-20,NEM,2023-03-20,2023-03-21,48.7587,46.5532,46.5998,53.0766,16,2.1589,-35.29,-1.0216,stop,0.142552,0.106339,69.7465,1.4393,0.975415,A
2023-03-20,AMAT,2023-03-20,2023-03-24,123.123,119.4105,116.7866,135.7959,5,6.3364,-18.56,-0.5859,time,0.071772,0.101428,68.5322,4.2243,0.885714,A
2023-03-20,WEC,2023-03-20,2023-03-21,94.6145,91.1247,91.2159,101.4117,10,3.3986,-34.9,-1.0268,stop,0.076282,0.035487,61.9129,2.2657,0.881063,A
2023-03-20,SO,2023-03-20,2023-03-24,68.068,68.5214,65.7805,72.643,15,2.2875,6.8,0.1982,time,0.061933,0.051735,65.4148,1.525,0.874419,A
2023-03-27,ISRG,2023-03-27,2023-03-29,257.7675,246.5054,246.7522,279.7982,3,11.0154,-33.79,-1.0224,stop,0.078301,0.091753,67.4317,7.3436,0.985498,A
2023-03-27,SMCI,2023-03-27,2023-03-28,11.2062,10.286,10.2963,13.0259,38,0.9099,-34.97,-1.0113,stop,0.160524,0.132884,62.5526,0.6066,0.984894,A
2023-03-27,VRTX,2023-03-27,2023-03-31,314.9947,314.7549,304.485,336.014,3,10.5096,-0.72,-0.0228,time,0.062954,0.0822,69.9982,7.0064,0.975227,A
2023-03-27,REGN,2023-03-27,2023-03-31,822.2014,820.8483,790.576,885.4521,1,31.6254,-1.35,-0.0428,time,0.09677,0.052226,61.7847,21.0836,0.973414,A
2023-03-27,MU,2023-03-27,2023-03-28,61.2512,58.2454,58.3037,67.1462,11,2.9475,-33.06,-1.0198,stop,0.079421,0.07714,65.0243,1.965,0.970997,A
2023-08-21,ROST,2023-08-21,2023-08-25,118.7386,118.881,115.2168,125.7822,9,3.5218,1.28,0.0404,time,0.047006,0.035861,62.5771,2.3479,0.960504,A
2023-08-21,TJX,2023-08-21,2023-08-25,89.5795,88.7312,87.3134,94.1116,15,2.2661,-12.72,-0.3744,time,0.042263,0.030743,64.557,1.5107,0.933613,A
2023-08-21,PGR,2023-08-21,2023-08-25,134.1941,132.4474,129.1166,144.3491,6,5.0775,-10.48,-0.344,time,0.047638,0.071183,63.3703,3.385,0.918487,A
2023-08-21,EXE,2023-08-21,2023-08-25,86.0159,85.0449,82.3642,93.3194,9,3.6517,-8.74,-0.2659,time,0.011536,0.017164,54.8036,2.4345,0.915966,A
2023-08-21,NDAQ,2023-08-21,2023-08-25,51.8518,52.6773,50.6154,54.3247,28,1.2364,23.11,0.6676,time,0.016484,0.025946,61.5929,0.8243,0.901681,A
2023-08-28,HAS,2023-08-28,2023-09-01,69.9299,72.7172,67.082,75.6256,12,2.8479,33.45,0.9788,time,0.092848,0.09302,64.6007,1.8986,0.991126,A
2023-08-28,ADSK,2023-08-28,2023-09-01,217.4472,219.8,209.3772,233.5872,4,8.07,9.41,0.2915,time,0.08133,0.071191,64.5863,5.38,0.980887,A
2023-08-28,INTU,2023-08-28,2023-09-01,519.569,549.0504,501.4212,555.8647,1,18.1479,29.48,1.6245,time,0.068092,0.044408,58.2644,12.0986,0.970648,A
2023-08-28,WDAY,2023-08-28,2023-09-01,237.5673,248.2415,227.7938,257.1145,3,9.7736,32.02,1.0921,time,0.055922,0.029767,53.5243,6.5157,0.941297,A
2023-08-28,NVDA,2023-08-28,2023-09-01,46.5285,48.4605,43.1838,53.2178,10,3.3447,19.32,0.5776,time,0.062796,0.029946,51.8905,2.2298,0.939932,A
2023-09-11,CF,2023-09-11,2023-09-13,84.2842,80.6709,80.7517,91.3492,9,3.5325,-32.52,-1.0229,stop,0.086545,0.075658,62.1818,2.355,0.976068,A
2023-09-11,VLO,2023-09-11,2023-09-15,143.143,143.5363,137.4719,154.4851,6,5.6711,2.36,0.0694,time,0.093611,0.076049,67.3913,3.7807,0.974929,A
2023-09-11,HAL,2023-09-11,2023-09-15,41.6816,42.0679,40.4656,44.1138,28,1.2161,10.82,0.3176,time,0.068876,0.051184,67.9389,0.8107,0.94302,A
2023-09-11,HLT,2023-09-11,2023-09-15,155.155,154.2556,151.0525,163.36,8,4.1025,-7.2,-0.2192,time,0.036798,0.028907,57.2426,2.735,0.903134,A
2023-09-11,XOM,2023-09-11,2023-09-15,116.2962,116.5833,113.3648,122.159,11,2.9314,3.16,0.0979,time,0.039752,0.066513,69.7939,1.9543,0.890598,A
2023-09-18,DUK,2023-09-18,2023-09-22,95.3452,92.6671,92.7599,100.516,13,2.5854,-34.82,-1.0359,stop,0.045704,0.057673,66.9867,1.7236,0.927027,A
2023-09-18,CTVA,2023-09-18,2023-09-22,52.4924,51.3686,50.9174,55.6424,22,1.575,-24.72,-0.7136,time,0.059903,0.058409,67.5639,1.05,0.917297,A
2023-09-18,MS,2023-09-18,2023-09-21,88.6586,86.1841,86.2704,93.435,14,2.3882,-34.64,-1.0361,stop,0.041098,0.059564,68.6022,1.5921,0.914595,A
2023-09-18,CTAS,2023-09-18,2023-09-21,128.7386,126.0892,126.2154,133.785,13,2.5232,-34.44,-1.05,stop,0.040292,0.055708,65.1086,1.6821,0.897297,A
2023-09-18,WFC,2023-09-18,2023-09-22,43.033,41.7098,41.7516,45.5958,27,1.2814,-35.73,-1.0326,stop,0.047561,0.036688,63.522,0.8543,0.892973,A
2023-09-25,CF,2023-09-25,2023-09-29,84.2342,85.6543,80.3309,92.0406,8,3.9032,11.36,0.3638,time,0.0257,0.092643,62.6263,2.6021,0.950598,A
2023-09-25,WTW,2023-09-25,2023-09-29,212.1419,208.751,207.1405,222.1448,6,5.0014,-20.35,-0.678,time,0.038426,0.029938,61.2789,3.3343,0.933068,A
2023-09-25,ALL,2023-09-25,2023-09-29,113.8237,111.2986,110.3266,120.818,10,3.4971,-25.25,-0.7221,time,0.048814,0.058251,59.2944,2.3314,0.909163,A
2023-09-25,ACGL,2023-09-25,2023-09-29,80.7106,79.6303,78.6899,84.7521,17,2.0207,-18.37,-0.5346,time,0.02481,0.053344,68.6497,1.3471,0.908367,A
2023-09-25,AKAM,2023-09-25,2023-09-29,107.3973,106.4335,104.9555,112.2809,14,2.4418,-13.49,-0.3947,time,0.029187,0.023409,60.2804,1.6279,0.90757,A
2023-10-02,PLTR,2023-10-02,2023-10-03,16.046,14.9938,15.0088,18.1205,33,1.0372,-34.72,-1.0145,stop,0.132343,0.057502,52.0792,0.6915,0.989078,A
2023-10-02,TRMB,2023-10-02,2023-10-04,53.5835,51.4824,51.5339,57.6828,17,2.0496,-35.72,-1.0251,stop,0.072481,0.056493,64.0697,1.3664,0.987713,A
2023-10-02,J,2023-10-02,2023-10-03,112.6877,109.5481,109.6577,118.7478,11,3.03,-34.54,-1.0362,stop,0.03237,0.044057,64.8041,2.02,0.935836,A
2023-10-02,NCLH,2023-10-02,2023-10-06,16.2763,16.6333,15.3013,18.2263,35,0.975,12.5,0.3662,time,0.052363,0.011043,48.5,0.65,0.905802,A
2023-10-02,NOC,2023-10-02,2023-10-04,440.8504,429.5743,430.0043,462.5426,3,10.8461,-33.83,-1.0396,stop,0.035985,0.041328,63.3974,7.2307,0.896246,A
2023-10-09,CRWD,2023-10-09,2023-10-13,176.6765,185.5343,167.9636,194.1022,4,8.7129,35.43,1.0166,time,0.055622,0.067936,62.4872,5.8086,0.991209,A
2023-10-09,LYV,2023-10-09,2023-10-13,87.8978,84.9135,84.9985,93.6964,12,2.8993,-35.81,-1.0293,stop,0.053829,0.044023,64.0255,1.9329,0.957509,A
2023-10-09,ARES,2023-10-09,2023-10-13,107.3773,108.4215,103.5282,115.0755,9,3.8491,9.4,0.2713,time,0.053952,0.031589,56.5965,2.5661,0.954579,A
2023-10-09,PANW,2023-10-09,2023-10-13,123.158,132.1565,118.5927,132.2888,7,4.5654,62.99,1.971,target,0.052252,0.027019,57.1943,3.0436,0.939194,A
2023-10-09,ANET,2023-10-09,2023-10-13,48.1881,47.415,46.2449,52.0746,18,1.9432,-13.92,-0.3978,time,0.054858,0.050346,60.6157,1.2955,0.936264,A
2023-10-16,FANG,2023-10-16,2023-10-20,168.0879,166.3135,161.3047,181.6544,5,6.7832,-8.87,-0.2616,time,0.101435,0.106263,67.5397,4.5221,0.969832,A
2023-10-16,ALL,2023-10-16,2023-10-17,121.121,127.8309,117.7021,127.9589,10,3.4189,67.1,1.9626,target,0.063367,0.054606,64.6652,2.2793,0.958101,A
2023-10-16,CI,2023-10-16,2023-10-20,307.297,306.4732,299.5013,322.8884,4,7.7957,-3.3,-0.1057,time,0.058495,0.05407,64.4295,5.1971,0.953073,A
2023-10-16,EOG,2023-10-16,2023-10-20,134.8447,133.0968,129.3429,145.8483,6,5.5018,-10.49,-0.3177,time,0.109049,0.091502,62.3679,3.6679,0.951397,A
2023-10-16,AVGO,2023-10-16,2023-10-20,89.1861,85.4968,85.5823,96.3936,9,3.6037,-33.2,-1.0237,stop,0.044862,0.065253,64.2779,2.4025,0.92514,A
2023-10-23,NFLX,2023-10-23,2023-10-27,40.3723,39.7472,38.0628,44.9915,15,2.3096,-9.38,-0.2707,time,0.127305,0.061864,58.0693,1.5397,0.981183,A
2023-10-23,T,2023-10-23,2023-10-27,15.3854,14.8052,14.7222,16.7118,52,0.6632,-30.17,-0.8748,time,0.071031,0.023968,60.2899,0.4421,0.935484,A
2023-10-23,UNP,2023-10-23,2023-10-25,210.5003,203.0756,203.2789,224.9431,4,7.2214,-29.7,-1.0281,stop,0.01728,0.037863,64.8566,4.8143,0.926344,A
2023-10-23,ROST,2023-10-23,2023-10-27,115.7757,112.6772,112.3096,122.7078,10,3.4661,-30.98,-0.8939,time,0.03231,0.023993,54.023,2.3107,0.923118,A
2023-10-23,CL,2023-10-23,2023-10-27,73.073,71.7182,71.2526,76.7137,19,1.8204,-25.74,-0.7442,time,0.032699,0.030375,67.2153,1.2136,0.903763,A
2023-10-30,COF,2023-10-30,2023-11-03,98.7186,106.2137,93.7161,108.7236,6,5.0025,44.97,1.4983,time,0.083232,0.044901,56.6368,3.335,0.97013,A
2023-10-30,DXCM,2023-10-30,2023-11-03,90.2502,97.3625,83.5794,103.5916,5,6.6707,35.56,1.0662,time,0.038618,0.072939,58.5399,4.4471,0.966883,A
2023-10-30,SWK,2023-10-30,2023-11-03,83.2432,88.7811,78.8889,91.9517,8,4.3543,44.3,1.2718,time,0.052746,0.049245,56.3703,2.9029,0.966883,A
2023-10-30,IFF,2023-10-30,2023-10-31,68.5985,66.1323,66.1985,73.3985,14,2.4,-34.53,-1.0276,stop,0.033668,0.077155,65.5849,1.6,0.955195,A
2023-10-30,AMT,2023-10-30,2023-11-03,172.0919,187.7461,164.1708,187.9341,4,7.9211,62.62,1.9763,target,0.074333,0.077834,60.0727,5.2807,0.95,A
2023-11-06,PSKY,2023-11-06,2023-11-08,13.1031,12.2444,12.2567,14.7959,41,0.8464,-35.21,-1.0145,stop,0.285981,0.156303,63.8376,0.5643,0.997481,A
2023-11-06,EXPE,2023-11-06,2023-11-10,113.9138,118.5613,107.8334,126.0745,5,6.0804,23.24,0.7643,time,0.210894,0.136648,65.7869,4.0536,0.992947,A
2023-11-06,XYZ,2023-11-06,2023-11-10,49.2392,51.4485,45.5074,56.7028,9,3.7318,19.88,0.592,time,0.216392,0.127635,59.7126,2.4879,0.992443,A
2023-11-06,WBD,2023-11-06,2023-11-08,11.6216,10.9378,10.9488,12.9673,52,0.6729,-35.56,-1.0163,stop,0.232461,0.135005,61.6,0.4486,0.964232,A
2023-11-06,PLTR,2023-11-06,2023-11-10,19.009,19.6503,17.4234,22.1802,22,1.5856,14.11,0.4045,time,0.253484,0.088134,58.6052,1.0571,0.96272,A
2024-04-22,GPC,2024-04-22,2024-04-26,162.9728,159.7701,157.3242,174.2699,6,5.6486,-19.22,-0.567,time,0.117004,0.048151,62.7476,3.7657,0.988764,A
2024-04-22,WFC,2024-04-22,2024-04-26,60.4604,59.8501,58.4772,64.4268,17,1.9832,-10.38,-0.3077,time,0.068709,0.041235,66.3875,1.3221,0.973034,A
2024-04-22,ELV,2024-04-22,2024-04-26,530.6401,536.7227,513.2905,565.3394,2,17.3496,12.17,0.3506,time,0.068202,0.024839,57.8996,11.5664,0.945318,A
2024-04-22,AXP,2024-04-22,2024-04-26,232.262,235.4044,224.7963,247.1935,4,7.4657,12.57,0.4209,time,0.058845,0.014713,54.7128,4.9771,0.935581,A
2024-04-22,KMI,2024-04-22,2024-04-26,18.8088,18.6613,18.2902,19.8459,67,0.5186,-9.88,-0.2844,time,0.039162,0.027263,58.2376,0.3457,0.928839,A
2024-04-29,TER,2024-04-29,2024-05-03,114.2541,120.3196,108.1095,126.5434,5,6.1446,30.33,0.9871,time,0.189226,0.063951,57.1884,4.0964,0.987387,A
2024-04-29,CARR,2024-04-29,2024-05-03,60.5605,62.0279,58.0846,65.5122,14,2.4759,20.54,0.5927,time,0.130207,0.071935,60.0,1.6506,0.96997,A
2024-04-29,MCHP,2024-04-29,2024-05-01,92.9729,88.4347,88.5232,101.8722,7,4.4496,-31.77,-1.0199,stop,0.145935,0.068859,58.1234,2.9664,0.948949,A
2024-04-29,DDOG,2024-04-29,2024-05-01,132.132,124.3159,124.4403,147.5154,4,7.6917,-31.26,-1.0162,stop,0.094596,0.056672,57.7753,5.1278,0.948348,A
2024-04-29,BALL,2024-04-29,2024-05-01,70.3202,68.0964,68.1645,74.6317,16,2.1557,-35.58,-1.0316,stop,0.074673,0.050098,64.5132,1.4371,0.933934,A
2024-05-06,APTV,2024-05-06,2024-05-10,82.072,82.6972,78.4988,89.2184,9,3.5732,5.63,0.175,time,0.134953,0.089365,66.9414,2.3821,0.983282,A
2024-05-06,PFE,2024-05-06,2024-05-10,28.008,27.982,27.1487,29.7266,40,0.8593,-1.04,-0.0302,time,0.094882,0.075406,68.6275,0.5729,0.956656,A
2024-05-06,AAPL,2024-05-06,2024-05-10,182.5324,182.867,176.2184,195.1602,5,6.3139,1.67,0.053,time,0.083166,0.038686,64.993,4.2093,0.931889,A
2024-05-06,FSLR,2024-05-06,2024-05-10,193.163,190.859,182.0008,215.4873,3,11.1621,-6.91,-0.2064,time,0.071728,0.049704,66.2362,7.4414,0.918885,A
2024-05-06,WSM,2024-05-06,2024-05-10,153.113,157.812,147.129,165.0808,5,5.9839,23.5,0.7853,time,0.079884,0.054873,66.5574,3.9893,0.917647,A
2024-08-05,DASH,2024-08-05,2024-08-06,106.4113,121.6206,98.7458,121.7424,4,7.6655,60.84,1.9841,target,0.119248,0.116476,62.3983,5.1104,0.992308,A
2024-08-05,RMD,2024-08-05,2024-08-09,213.3832,216.3734,202.2103,235.7289,3,11.1729,8.97,0.2676,time,0.134998,0.091832,66.3983,7.4486,0.986014,A
2024-08-05,IRM,2024-08-05,2024-08-09,102.7426,108.3316,98.2041,111.8198,7,4.5386,39.12,1.2314,time,0.083147,0.112629,66.4562,3.0257,0.955944,A
2024-08-05,CLX,2024-08-05,2024-08-09,144.0639,142.887,138.8246,154.5425,6,5.2393,-7.06,-0.2246,time,0.070426,0.056378,69.8959,3.4929,0.931469,A
2024-08-05,HWM,2024-08-05,2024-08-09,86.2161,92.9969,80.8954,96.8576,6,5.3207,40.68,1.2744,time,0.090469,0.137953,65.4162,3.5471,0.91958,A
2024-08-12,AXON,2024-08-12,2024-08-16,368.4681,373.3163,345.5674,414.2695,1,22.9007,4.85,0.2117,time,0.248461,0.183336,69.7802,15.2671,0.988338,A
2024-08-12,SOLV,2024-08-12,2024-08-13,60.6506,56.9949,57.052,67.8478,9,3.5986,-32.9,-1.0159,stop,0.057233,0.109707,69.1805,2.3991,0.965598,A
2024-08-12,NRG,2024-08-12,2024-08-16,80.4504,82.6972,75.4564,90.4382,7,4.9939,15.73,0.4499,time,0.147,0.071819,56.7398,3.3293,0.951603,A
2024-08-12,AKAM,2024-08-12,2024-08-16,101.3212,100.3995,97.0719,109.8198,8,4.2493,-7.37,-0.2169,time,0.073498,0.067964,61.0401,2.8329,0.946356,A
2024-08-12,GEV,2024-08-12,2024-08-16,178.6685,183.8759,162.9725,210.0605,2,15.696,10.41,0.3318,time,0.087294,0.096547,57.1677,10.464,0.913703,A
2024-09-09,UAL,2024-09-09,2024-09-12,46.7167,50.2278,44.936,50.2781,19,1.7807,66.71,1.9718,target,0.079034,0.078528,68.6907,1.1871,0.953757,A
2024-09-09,GEV,2024-09-09,2024-09-13,200.21,223.1231,188.6418,223.3464,3,11.5682,68.74,1.9807,target,0.036424,0.050365,65.0496,7.7121,0.937572,A
2024-09-09,TSN,2024-09-09,2024-09-10,66.2362,64.634,64.6987,69.3112,22,1.5375,-35.25,-1.0421,stop,0.018871,0.061734,69.6827,1.025,0.936994,A
2024-09-09,ORCL,2024-09-09,2024-09-10,142.6325,150.1515,138.7979,150.3018,9,3.8346,67.67,1.9608,target,0.017142,0.035639,63.2479,2.5564,0.917919,A
2024-09-09,RL,2024-09-09,2024-09-13,173.203,178.4614,167.068,185.473,5,6.135,26.29,0.8571,time,0.012773,0.052231,66.3144,4.09,0.913873,A
2024-12-23,JBL,2024-12-23,2024-12-27,145.3052,145.7741,139.5687,156.778,6,5.7364,2.81,0.0817,time,0.073041,0.067511,68.7715,3.8243,0.971304,A
2024-12-23,APTV,2024-12-23,2024-12-27,58.5385,60.2797,55.6478,64.3199,12,2.8907,20.89,0.6023,time,0.015353,0.059968,66.3541,1.9271,0.926957,A
2024-12-23,CCL,2024-12-23,2024-12-27,26.5465,25.1735,25.1987,29.2422,25,1.3479,-34.33,-1.0187,stop,0.034749,0.053873,55.3928,0.8986,0.924348,A
2024-12-23,DRI,2024-12-23,2024-12-27,188.1379,187.3924,179.484,205.4458,4,8.6539,-2.98,-0.0861,time,0.125382,0.06422,66.9789,5.7693,0.92,A
2024-12-23,TER,2024-12-23,2024-12-27,126.2161,128.4115,118.4172,141.8139,4,7.7989,8.78,0.2815,time,0.022155,0.145,67.9224,5.1993,0.913913,A
2025-01-06,VST,2025-01-06,2025-01-08,165.3252,154.4901,154.6447,186.686,3,10.6804,-32.51,-1.0145,stop,0.126639,0.112055,65.4728,7.1203,0.998187,A
2025-01-06,CEG,2025-01-06,2025-01-08,258.1379,245.1622,245.4076,283.5984,2,12.7303,-25.95,-1.0193,stop,0.103919,0.066779,62.4349,8.4869,0.991541,A
2025-01-06,EQT,2025-01-06,2025-01-10,48.048,48.951,46.053,52.038,17,1.995,15.35,0.4526,time,0.064282,0.031593,55.6751,1.33,0.956495,A
2025-01-06,NRG,2025-01-06,2025-01-08,99.3993,94.7081,94.8029,108.5922,7,4.5964,-32.84,-1.0206,stop,0.060965,0.03163,57.6225,3.0643,0.946224,A
2025-01-06,CTRA,2025-01-06,2025-01-10,26.7067,27.7422,25.7703,28.5795,37,0.9364,38.32,1.1059,time,0.067535,0.035108,55.9671,0.6243,0.940181,A
2025-01-13,EBAY,2025-01-13,2025-01-17,64.5645,66.1238,61.3609,70.9716,10,3.2036,15.59,0.4867,time,0.058295,0.026,55.2927,2.1357,0.96044,A
2025-01-13,HPE,2025-01-13,2025-01-16,21.5615,23.4775,20.5918,23.501,36,0.9697,68.98,1.9758,target,0.028412,0.02507,66.5924,0.6465,0.942857,A
2025-01-13,BG,2025-01-13,2025-01-16,81.6516,78.7078,78.7866,87.3816,12,2.865,-35.33,-1.0275,stop,0.047054,-0.000615,59.322,1.91,0.918132,A
2025-01-13,AEP,2025-01-13,2025-01-17,95.2452,97.1527,92.9244,99.8866,15,2.3207,28.61,0.822,time,0.017076,0.017298,64.2232,1.5471,0.905495,A
2025-01-13,META,2025-01-13,2025-01-17,607.7071,612.1572,581.8557,659.4099,1,25.8514,4.45,0.1721,time,0.027735,-0.005779,57.4093,17.2343,0.887912,A
2025-03-03,AES,2025-03-03,2025-03-07,11.1611,11.2387,10.4444,12.5947,48,0.7168,3.72,0.1083,time,0.094429,0.071165,62.75,0.4779,0.981657,A
2025-03-03,WBD,2025-03-03,2025-03-07,11.4214,10.649,10.6596,12.945,45,0.7618,-34.76,-1.014,stop,0.06308,0.123529,67.663,0.5079,0.968639,A
2025-03-03,SOLV,2025-03-03,2025-03-06,79.8398,76.0496,76.1258,87.2678,9,3.714,-34.11,-1.0205,stop,0.092167,0.066462,65.8537,2.476,0.954438,A
2025-03-03,EIX,2025-03-03,2025-03-07,54.7047,56.3436,52.0518,60.0104,13,2.6529,21.31,0.6178,time,0.043512,0.064321,66.3411,1.7686,0.91716,A
2025-03-03,HII,2025-03-03,2025-03-04,178.8086,170.6418,170.8126,194.8008,4,7.9961,-32.67,-1.0214,stop,0.031065,0.099092,57.8481,5.3307,0.915976,A
2025-03-10,DG,2025-03-10,2025-03-12,81.8217,77.0571,77.1342,91.1967,7,4.6875,-33.35,-1.0165,stop,0.103262,0.123558,69.3656,3.125,0.993706,A
2025-03-10,CAG,2025-03-10,2025-03-12,27.6676,26.1939,26.2201,30.5626,24,1.4475,-35.37,-1.0181,stop,0.066171,0.090072,62.8798,0.965,0.972028,A
2025-03-10,SWKS,2025-03-10,2025-03-11,71.8918,68.4301,68.4986,78.6782,10,3.3932,-34.62,-1.0202,stop,0.089259,0.097159,68.453,2.2621,0.971329,A
2025-03-10,GIS,2025-03-10,2025-03-11,65.4053,62.1685,62.2307,71.7546,11,3.1746,-35.61,-1.0196,stop,0.064005,0.083305,68.8165,2.1164,0.963636,A
2025-03-10,CPB,2025-03-10,2025-03-11,42.3323,40.0197,40.0598,46.8773,15,2.2725,-34.69,-1.0176,stop,0.043684,0.08288,63.4535,1.515,0.951748,A
2025-03-17,CINF,2025-03-17,2025-03-21,145.1951,145.4744,139.7404,156.1043,6,5.4546,1.68,0.0512,time,0.038797,0.075847,65.1282,3.6364,0.962162,A
2025-03-17,LUV,2025-03-17,2025-03-21,31.7317,34.7952,29.831,35.5331,18,1.9007,55.14,1.6117,time,0.086644,0.064408,57.9176,1.2671,0.961622,A
2025-03-17,BRK-B,2025-03-17,2025-03-21,515.1346,521.3881,498.8285,547.7468,2,16.3061,12.51,0.3835,time,0.038295,0.074905,61.2925,10.8707,0.944865,A
2025-03-17,CB,2025-03-17,2025-03-21,293.2329,291.1386,283.1379,313.423,3,10.095,-6.28,-0.2075,time,0.025716,0.099944,67.5145,6.73,0.938378,A
2025-03-17,ED,2025-03-17,2025-03-21,106.5164,107.6922,102.3657,114.8178,8,4.1507,9.41,0.2833,time,0.026727,0.082943,63.7291,2.7671,0.925405,A
2025-03-24,EXE,2025-03-24,2025-03-28,108.138,110.8291,103.3498,117.7145,7,4.7882,18.84,0.562,time,0.046296,0.085659,68.7344,3.1921,0.968041,A
2025-03-24,BA,2025-03-24,2025-03-28,182.212,173.1367,171.5867,203.4627,3,10.6254,-27.23,-0.8541,time,0.100735,0.019928,56.6038,7.0836,0.926804,A
2025-03-24,COR,2025-03-24,2025-03-28,268.5483,274.9348,260.099,285.4468,4,8.4493,25.55,0.7559,time,0.036269,0.054784,66.8815,5.6329,0.921649,A
2025-03-24,CTRA,2025-03-24,2025-03-28,28.7487,28.6014,27.5241,31.198,28,1.2246,-4.13,-0.1203,time,0.03945,0.064098,69.0625,0.8164,0.920103,A
2025-03-24,TKO,2025-03-24,2025-03-28,150.7906,149.5503,141.7296,168.9128,3,9.0611,-3.72,-0.1369,time,0.073485,-0.005045,52.5309,6.0407,0.877835,A
2025-03-31,DLTR,2025-03-31,2025-04-04,72.6025,66.3122,66.3786,85.0504,5,6.2239,-31.45,-1.0107,stop,0.089888,0.054501,57.4141,4.1493,0.984461,A
2025-03-31,ORLY,2025-03-31,2025-04-04,94.5852,92.5653,91.7178,100.3199,12,2.8674,-24.24,-0.7044,time,0.051871,0.067884,63.3046,1.9116,0.961905,A
2025-03-31,PPL,2025-03-31,2025-04-04,35.9659,35.0747,35.1099,37.6781,40,0.8561,-35.65,-1.041,stop,0.02733,0.048136,65.6455,0.5707,0.938847,A
2025-03-31,CBOE,2025-03-31,2025-04-04,223.6534,215.4021,215.6177,239.7249,4,8.0357,-33.01,-1.0268,stop,0.03683,0.045446,54.1876,5.3571,0.921805,A
2025-03-31,MRSH,2025-03-31,2025-04-04,243.8736,238.7104,238.9493,253.7222,7,4.9243,-36.14,-1.0485,stop,0.04339,0.029301,62.5152,3.2829,0.918797,A
2025-04-07,MCK,2025-04-07,2025-04-11,663.8632,688.6706,640.5007,710.5882,1,23.3625,24.81,1.0618,time,0.022528,0.050244,62.9389,15.575,0.989189,A
2025-04-07,AMT,2025-04-07,2025-04-08,217.5674,209.077,209.2863,234.1295,4,8.2811,-33.96,-1.0253,stop,0.021386,0.043806,58.8458,5.5207,0.981081,A
2025-04-07,TJX,2025-04-07,2025-04-11,120.16,128.0218,115.7168,129.0465,7,4.4432,55.03,1.7694,time,0.033415,0.07858,66.7986,2.9621,0.97027,A
2025-04-07,UNH,2025-04-07,2025-04-08,513.9134,547.2228,496.9849,547.7706,2,16.9286,66.62,1.9676,target,0.01746,0.074491,68.3129,11.2857,0.966667,A
2025-04-07,CNC,2025-04-07,2025-04-11,61.7016,63.7961,59.0456,67.0138,13,2.6561,27.23,0.7886,time,0.031479,0.064272,61.1804,1.7707,0.927027,A
2025-04-14,HII,2025-04-14,2025-04-17,216.9067,219.2605,203.4013,243.9174,2,13.5054,4.71,0.1743,time,0.166477,0.070829,57.5156,9.0036,0.984566,A
2025-04-14,LHX,2025-04-14,2025-04-17,221.8616,218.0018,210.5731,244.4388,3,11.2886,-11.58,-0.3419,time,0.098832,0.067555,61.9058,7.5257,0.953698,A
2025-04-14,HUBB,2025-04-14,2025-04-17,358.398,338.631,330.5302,414.1338,1,27.8679,-19.77,-0.7093,time,0.118662,0.044538,51.6249,18.5786,0.953055,A
2025-04-14,CPRT,2025-04-14,2025-04-17,60.2702,59.6203,57.0431,66.7245,10,3.2271,-6.5,-0.2014,time,0.09778,0.115793,67.9699,2.1514,0.949839,A
2025-04-14,FAST,2025-04-14,2025-04-17,40.4054,40.7492,38.2047,44.8068,15,2.2007,5.16,0.1562,time,0.08358,0.079085,58.4862,1.4671,0.942122,A
2025-04-21,HII,2025-04-21,2025-04-25,218.5383,225.824,204.119,247.3769,2,14.4193,14.57,0.5053,time,0.092538,0.080384,59.7871,9.6129,0.959756,A
2025-04-21,LLY,2025-04-21,2025-04-25,842.3515,883.6554,773.553,979.9486,1,68.7986,41.3,0.6004,time,0.165139,0.02226,52.4375,45.8657,0.954268,A
2025-04-21,SBAC,2025-04-21,2025-04-25,229.6895,221.8679,215.5852,257.898,2,14.1043,-15.64,-0.5546,time,0.079453,0.058601,60.3594,9.4029,0.951829,A
2025-04-21,PM,2025-04-21,2025-04-25,163.9238,170.0698,155.9255,179.9202,4,7.9982,24.58,0.7684,time,0.079645,0.0529,59.7387,5.3321,0.946341,A
2025-04-21,NEM,2025-04-21,2025-04-23,57.057,53.0803,53.1334,64.9041,8,3.9236,-31.81,-1.0135,stop,0.081272,0.138252,68.797,2.6157,0.937195,A
2025-04-28,HAS,2025-04-28,2025-05-02,61.1411,61.6882,56.0186,71.3861,6,5.1225,3.28,0.1068,time,0.158405,0.109111,62.9945,3.415,0.992571,A
2025-04-28,GOOGL,2025-04-28,2025-05-02,162.5924,163.866,152.146,183.4853,3,10.4464,3.82,0.1219,time,0.071447,0.074575,64.8619,6.9643,0.94,A
2025-04-28,GOOG,2025-04-28,2025-05-02,164.4243,165.6442,153.9805,185.3118,3,10.4438,3.66,0.1168,time,0.068401,0.073511,64.3762,6.9625,0.930857,A
2025-04-28,CRH,2025-04-28,2025-05-02,92.5424,98.4115,85.6574,106.3124,5,6.885,29.35,0.8524,time,0.090737,0.070527,68.4647,4.59,0.925143,A
2025-04-28,URI,2025-04-28,2025-05-02,634.3737,664.7346,577.8002,747.5209,1,56.5736,30.36,0.5367,time,0.071175,0.071773,63.8132,37.7157,0.905143,A
2025-05-05,EME,2025-05-05,2025-05-09,426.7063,438.9906,400.7274,478.6641,1,25.9789,12.28,0.4729,time,0.04863,0.146562,68.4541,17.3193,0.930612,A
2025-05-05,DAL,2025-05-05,2025-05-09,43.7937,49.0568,41.1377,49.1059,13,2.6561,68.42,1.9815,target,0.063011,0.122967,67.0082,1.7707,0.927211,A
2025-05-05,META,2025-05-05,2025-05-09,591.8112,591.8975,556.6094,662.2148,1,35.2018,0.09,0.0025,time,0.090906,0.092863,64.672,23.4679,0.913605,A
2025-05-05,CCL,2025-05-05,2025-05-09,19.1391,20.1698,17.922,21.5734,28,1.2171,28.86,0.8468,time,0.05215,0.111932,69.574,0.8114,0.898639,A
2025-05-05,ETN,2025-05-05,2025-05-09,296.4662,309.5601,280.1119,329.1748,2,16.3543,26.19,0.8006,time,0.037705,0.107085,67.072,10.9029,0.887075,A
2025-05-12,FSLR,2025-05-12,2025-05-13,149.0889,174.2153,136.4386,174.3897,2,12.6504,50.25,1.9862,target,0.077677,0.099234,63.7336,8.4336,0.975814,A
2025-05-12,OXY,2025-05-12,2025-05-16,44.1641,42.997,42.2666,47.9591,18,1.8975,-21.01,-0.6151,time,0.038168,0.061697,66.0532,1.265,0.915349,A
2025-05-12,ZTS,2025-05-12,2025-05-16,161.191,162.877,154.1732,175.2267,4,7.0179,6.74,0.2402,time,0.011623,0.071299,67.6722,4.6786,0.909767,A
2025-05-12,SWK,2025-05-12,2025-05-16,70.5705,71.3885,66.7016,78.3084,9,3.8689,7.36,0.2114,time,0.02085,0.095438,68.3353,2.5793,0.907907,A
2025-05-12,MNST,2025-05-12,2025-05-16,61.5715,62.7971,59.6558,65.4029,18,1.9157,22.06,0.6398,time,0.01582,0.044342,67.4854,1.2771,0.900465,A
2025-11-24,IDXX,2025-11-24,2025-11-28,733.783,752.1271,701.277,798.7952,1,32.5061,18.34,0.5643,time,0.05215,0.153135,51.0873,21.6707,0.967723,A
2025-11-24,GOOGL,2025-11-24,2025-11-28,311.4411,319.8598,294.7879,344.7476,2,16.6532,16.84,0.5055,time,0.084114,0.065685,60.1996,11.1021,0.966571,A
2025-11-24,GOOG,2025-11-24,2025-11-28,311.321,319.7999,294.9078,344.1474,2,16.4132,16.96,0.5166,time,0.081847,0.063267,60.2508,10.9421,0.957925,A
2025-11-24,PCAR,2025-11-24,2025-11-28,103.1831,105.3146,99.0495,111.4502,8,4.1336,17.05,0.5157,time,0.077414,0.046646,61.9645,2.7557,0.941787,A
2025-11-24,HCA,2025-11-24,2025-11-28,501.7613,507.7817,481.7041,541.8756,1,20.0571,6.02,0.3002,time,0.038824,0.068134,68.5812,13.3714,0.933718,A
2026-03-02,NFLX,2026-03-02,2026-03-06,95.3553,98.921,89.8503,106.3653,6,5.505,21.39,0.6477,time,0.223338,0.190058,69.7858,3.67,0.995,A
2026-03-02,XYZ,2026-03-02,2026-03-06,60.07,66.2637,55.1713,69.8674,7,4.8987,43.36,1.2644,time,0.196918,0.193331,62.668,3.2658,0.994444,A
2026-03-02,NEM,2026-03-02,2026-03-03,131.7016,123.646,123.7698,147.5651,4,7.9318,-32.22,-1.0156,stop,0.06444,0.197825,67.6953,5.2879,0.948333,A
2026-03-02,SJM,2026-03-02,2026-03-06,116.0359,109.9045,110.0145,128.0788,5,6.0214,-30.66,-1.0183,stop,0.050462,0.061036,61.0577,4.0143,0.9,A
2026-03-02,APA,2026-03-02,2026-03-04,32.5525,30.6479,30.6786,36.3004,18,1.8739,-34.28,-1.0164,stop,0.045079,0.146903,65.6284,1.2493,0.888889,A
2026-03-09,MPC,2026-03-09,2026-03-11,223.7836,226.5133,211.3957,248.5593,2,12.3879,5.46,0.2204,time,0.116392,0.117463,67.3203,8.2586,0.977108,A
2026-03-09,PAYX,2026-03-09,2026-03-10,99.6195,95.049,95.1442,108.5702,7,4.4754,-31.99,-1.0213,stop,0.076882,0.090624,63.3954,2.9836,0.930723,A
2026-03-09,KR,2026-03-09,2026-03-11,73.6636,72.1178,70.4675,80.0557,10,3.1961,-15.46,-0.4836,time,0.08602,0.056601,57.1787,2.1307,0.928313,A
2026-03-09,FANG,2026-03-09,2026-03-11,183.8336,173.9749,174.149,203.2029,3,9.6846,-29.58,-1.018,stop,0.037109,0.078366,66.2578,6.4564,0.922892,A
2026-03-09,PSX,2026-03-09,2026-03-11,168.188,169.3305,160.5466,183.4709,4,7.6414,4.57,0.1495,time,0.075358,0.062076,62.7105,5.0943,0.915663,A
